FrequencyThreshold, MaxTransactionSize, MinTransactionSize, NumClasses, NumThreads, NumTransactions, Skew, UseIndex, [P]CountItemByFreq, [P]GenerateCandidates, [P]IdentifyFrequents, [S]_GenerateDataset, [S]_IdentifyActive, [S]_total
0.010000, 8, 1, 128, 1, 1000, 10.000000, 1, 112.397, 13.0256, 8361.9, 7.96802, 0.281736, 8525.3
0.010000, 8, 1, 128, 1, 1000, 10.000000, 1, 112.314, 12.9405, 8346.43, 7.8995, 0.268972, 8509.64
0.010000, 8, 1, 128, 1, 1000, 10.000000, 1, 112.413, 13.047, 8325.66, 7.93323, 0.280074, 8489
0.010000, 8, 1, 128, 2, 1000, 10.000000, 1, 57.0632, 10.9441, 4929.87, 7.87092, 0.312681, 5034.98
0.010000, 8, 1, 128, 2, 1000, 10.000000, 1, 57.0511, 11.3936, 4940.32, 7.41767, 0.282775, 5045.23
0.010000, 8, 1, 128, 2, 1000, 10.000000, 1, 57.5455, 11.3311, 4919.31, 7.95098, 0.287696, 5025.33
0.010000, 8, 1, 128, 4, 1000, 10.000000, 1, 31.2126, 11.4944, 3350.18, 7.87896, 0.28168, 3429.21
0.010000, 8, 1, 128, 4, 1000, 10.000000, 1, 30.8599, 11.7611, 3318.6, 7.89102, 0.301827, 3398.06
0.010000, 8, 1, 128, 4, 1000, 10.000000, 1, 30.9683, 11.2912, 3415.16, 7.91876, 0.33246, 3495.51
0.010000, 8, 1, 128, 8, 1000, 10.000000, 1, 17.276, 11.9968, 2639.49, 7.92675, 0.303793, 2704.34
0.010000, 8, 1, 128, 8, 1000, 10.000000, 1, 17.4125, 12.3476, 2654.88, 7.94884, 0.328638, 2720.28
0.010000, 8, 1, 128, 8, 1000, 10.000000, 1, 17.0798, 12.5546, 2628.39, 7.56232, 0.319423, 2693.25
0.010000, 8, 1, 128, 16, 1000, 10.000000, 1, 10.8067, 12.2746, 2383.47, 7.91022, 0.30608, 2442.02
0.010000, 8, 1, 128, 16, 1000, 10.000000, 1, 11.1591, 12.3393, 2429.22, 7.92734, 0.310628, 2488.53
0.010000, 8, 1, 128, 16, 1000, 10.000000, 1, 11.1999, 12.9901, 2381.11, 7.96695, 0.300328, 2440.75
0.010000, 8, 1, 128, 32, 1000, 10.000000, 1, 10.0001, 14.8855, 2367.01, 7.93152, 0.303047, 2427.4
0.010000, 8, 1, 128, 32, 1000, 10.000000, 1, 9.82933, 15.1063, 2376.2, 7.93271, 0.29658, 2436.73
0.010000, 8, 1, 128, 32, 1000, 10.000000, 1, 9.78623, 15.067, 2366.93, 7.92074, 0.33457, 2427.44
0.010000, 8, 1, 128, 48, 1000, 10.000000, 1, 10.8706, 18.5254, 2378.77, 7.92578, 0.311781, 2443.96
0.010000, 8, 1, 128, 48, 1000, 10.000000, 1, 10.7467, 18.3525, 2351.19, 7.92925, 0.288734, 2415.94
0.010000, 8, 1, 128, 48, 1000, 10.000000, 1, 11.2333, 18.0641, 2378, 8.01668, 0.32079, 2443.14
0.010000, 8, 1, 128, 1, 10000, 10.000000, 1, 93.3661, 10.1681, 86688.2, 71.9762, 0.267018, 86907.7
0.010000, 8, 1, 128, 1, 10000, 10.000000, 1, 93.3777, 10.2455, 86998.1, 71.52, 0.291817, 87217.7
0.010000, 8, 1, 128, 1, 10000, 10.000000, 1, 93.2796, 10.0149, 86820.5, 71.6132, 0.276618, 87040
0.010000, 8, 1, 128, 2, 10000, 10.000000, 1, 47.8941, 8.07713, 55776.1, 71.602, 0.265664, 55947
0.010000, 8, 1, 128, 2, 10000, 10.000000, 1, 48.0003, 7.91599, 55042.4, 71.5286, 0.262537, 55213.3
0.010000, 8, 1, 128, 2, 10000, 10.000000, 1, 47.9551, 7.68462, 54556.7, 71.9769, 0.265551, 54727.3
0.010000, 8, 1, 128, 4, 10000, 10.000000, 1, 25.2573, 8.85013, 31809.8, 71.9293, 0.26548, 31958.3
0.010000, 8, 1, 128, 4, 10000, 10.000000, 1, 25.3922, 8.34487, 31840.6, 71.8035, 0.274471, 31989.5
0.010000, 8, 1, 128, 4, 10000, 10.000000, 1, 25.3127, 8.51959, 31975.2, 66.9398, 0.305842, 32119
0.010000, 8, 1, 128, 8, 10000, 10.000000, 1, 14.7011, 10.7231, 29959.9, 72.1474, 0.300127, 30099.8
0.010000, 8, 1, 128, 8, 10000, 10.000000, 1, 14.9638, 9.65196, 29961, 67.3086, 0.305983, 30095.5
0.010000, 8, 1, 128, 8, 10000, 10.000000, 1, 14.7189, 11.1429, 29882.9, 72.0814, 0.301814, 30023.2
0.010000, 8, 1, 128, 16, 10000, 10.000000, 1, 10.0465, 10.9564, 27284, 71.7752, 0.275852, 27419.3
0.010000, 8, 1, 128, 16, 10000, 10.000000, 1, 9.77252, 10.3022, 27156.5, 67.4653, 0.33632, 27286.7
0.010000, 8, 1, 128, 16, 10000, 10.000000, 1, 10.0571, 10.9986, 27090.2, 72.347, 0.285149, 27225.6
0.010000, 8, 1, 128, 32, 10000, 10.000000, 1, 9.72345, 12.0795, 27053.6, 71.9401, 0.315502, 27189.7
0.010000, 8, 1, 128, 32, 10000, 10.000000, 1, 10.0951, 11.8899, 27100.5, 71.7678, 0.273567, 27236.2
0.010000, 8, 1, 128, 32, 10000, 10.000000, 1, 9.32329, 11.7016, 26986.7, 72.8304, 0.296197, 27123
0.010000, 8, 1, 128, 48, 10000, 10.000000, 1, 11.6458, 13.0475, 26938.5, 71.8015, 0.300731, 27077.2
0.010000, 8, 1, 128, 48, 10000, 10.000000, 1, 11.1664, 13.704, 26996.7, 71.6291, 0.293145, 27135.8
0.010000, 8, 1, 128, 48, 10000, 10.000000, 1, 11.526, 13.2407, 27552.7, 72.3284, 0.367427, 27692.5
0.010000, 8, 1, 128, 1, 100000, 10.000000, 1, 85.7611, 10.07, 943048, 701.872, 0.266341, 944075
0.010000, 8, 1, 128, 1, 100000, 10.000000, 1, 85.6739, 9.84146, 964732, 707.985, 0.300518, 965764
0.010000, 8, 1, 128, 1, 100000, 10.000000, 1, 85.8485, 9.73736, 946174, 702.356, 0.300912, 947202
0.010000, 8, 1, 128, 2, 100000, 10.000000, 1, 44.0093, 8.41886, 572665, 704.576, 0.293686, 573651
0.010000, 8, 1, 128, 2, 100000, 10.000000, 1, 43.9885, 8.68924, 576360, 705.51, 0.313428, 577348
0.010000, 8, 1, 128, 2, 100000, 10.000000, 1, 43.7195, 8.04054, 574748, 708.053, 0.266265, 575737
0.010000, 8, 1, 128, 4, 100000, 10.000000, 1, 24.1512, 9.60114, 330316, 704.435, 0.273738, 331283
0.010000, 8, 1, 128, 4, 100000, 10.000000, 1, 23.9725, 7.69411, 328605, 704.837, 0.267793, 329573
0.010000, 8, 1, 128, 4, 100000, 10.000000, 1, 23.893, 8.80462, 335652, 704.078, 0.259377, 336619
0.010000, 8, 1, 128, 8, 100000, 10.000000, 1, 14.3978, 10.3722, 309559, 708.762, 0.275143, 310520
0.010000, 8, 1, 128, 8, 100000, 10.000000, 1, 13.8776, 10.5914, 309587, 708.497, 0.27178, 310548
0.010000, 8, 1, 128, 8, 100000, 10.000000, 1, 13.9607, 9.95744, 308978, 656.153, 0.299664, 309886
0.010000, 8, 1, 128, 16, 100000, 10.000000, 1, 9.52651, 15.5713, 272238, 701.178, 0.275296, 273193
0.010000, 8, 1, 128, 16, 100000, 10.000000, 1, 9.68033, 15.5396, 273277, 707.304, 0.425315, 274238
0.010000, 8, 1, 128, 16, 100000, 10.000000, 1, 9.65585, 15.1258, 271892, 701.873, 0.304337, 272850
0.010000, 8, 1, 128, 32, 100000, 10.000000, 1, 10.2193, 22.6812, 275680, 707.753, 0.259855, 276649
0.010000, 8, 1, 128, 32, 100000, 10.000000, 1, 9.75819, 24.4132, 276132, 707.443, 0.314838, 277101
0.010000, 8, 1, 128, 32, 100000, 10.000000, 1, 9.46556, 22.7855, 277402, 712.303, 0.298894, 278375
0.010000, 8, 1, 128, 48, 100000, 10.000000, 1, 11.3311, 24.9692, 272531, 706.692, 0.26652, 273503
0.010000, 8, 1, 128, 48, 100000, 10.000000, 1, 12.253, 24.8332, 271986, 699.019, 0.253917, 272951
0.010000, 8, 1, 128, 48, 100000, 10.000000, 1, 11.1867, 23.6419, 276188, 709.16, 0.31189, 277160
-------------------------------------------------------------------------------------------------
0.010000, 8, 1, 128, 1, 100000, 0.100000, 1, 0.160702, 48.3904, 702.302, 0.025196, 809.775
0.010000, 8, 1, 128, 1, 100000, 0.100000, 1, 0.154372, 47.1418, 695.281, 0.026509, 801.373
0.010000, 8, 1, 128, 1, 100000, 0.100000, 1, 0.166063, 47.3627, 698.236, 0.022702, 805.193
0.010000, 8, 1, 128, 2, 100000, 0.100000, 1, 0.19558, 44.4788, 703.416, 0.028888, 807.831
0.010000, 8, 1, 128, 2, 100000, 0.100000, 1, 0.185295, 44.452, 702.763, 0.026956, 806.693
0.010000, 8, 1, 128, 2, 100000, 0.100000, 1, 0.172657, 44.4622, 696.645, 0.026551, 800.18
0.010000, 8, 1, 128, 4, 100000, 0.100000, 1, 0.249574, 44.6686, 701.905, 0.023959, 806.258
0.010000, 8, 1, 128, 4, 100000, 0.100000, 1, 0.236374, 44.0274, 697.475, 0.046026, 799.714
0.010000, 8, 1, 128, 4, 100000, 0.100000, 1, 0.252106, 45.3916, 706.931, 0.024706, 810.459
0.010000, 8, 1, 128, 8, 100000, 0.100000, 1, 0.470357, 44.7832, 700.986, 0.028432, 804.363
0.010000, 8, 1, 128, 8, 100000, 0.100000, 1, 0.441353, 44.8798, 704.061, 0.032896, 809.316
0.010000, 8, 1, 128, 8, 100000, 0.100000, 1, 0.506945, 44.6902, 697.697, 0.026684, 800.918
0.010000, 8, 1, 128, 16, 100000, 0.100000, 1, 0.873321, 47.1867, 701.119, 0.023014, 808.216
0.010000, 8, 1, 128, 16, 100000, 0.100000, 1, 0.835406, 47.7857, 702.545, 0.024412, 809.486
0.010000, 8, 1, 128, 16, 100000, 0.100000, 1, 0.888574, 44.9892, 692.217, 0.022883, 797.031
0.010000, 8, 1, 128, 32, 100000, 0.100000, 1, 1.77042, 48.795, 653.337, 0.024626, 762.79
0.010000, 8, 1, 128, 32, 100000, 0.100000, 1, 1.56496, 45.3095, 701.535, 0.02634, 806.378
0.010000, 8, 1, 128, 32, 100000, 0.100000, 1, 1.71572, 45.1753, 701.396, 0.025302, 806.543
0.010000, 8, 1, 128, 48, 100000, 0.100000, 1, 2.42043, 46.4877, 654.473, 0.047797, 761.564
0.010000, 8, 1, 128, 48, 100000, 0.100000, 1, 2.5413, 46.6132, 653.78, 0.033109, 760.956
0.010000, 8, 1, 128, 48, 100000, 0.100000, 1, 2.66062, 49.2116, 695.27, 0.017706, 805.21
0.010000, 8, 1, 128, 1, 100000, 1.000000, 1, 1.07781, 11.256, 18557.8, 707.911, 0.097376, 19378.6
0.010000, 8, 1, 128, 1, 100000, 1.000000, 1, 1.07223, 9.39858, 18363, 703.459, 0.186047, 19178.8
0.010000, 8, 1, 128, 1, 100000, 1.000000, 1, 1.05593, 9.48221, 18402, 710.442, 0.123283, 19223.6
0.010000, 8, 1, 128, 2, 100000, 1.000000, 1, 0.838175, 13.3041, 16047.6, 702.72, 0.064323, 16863.7
0.010000, 8, 1, 128, 2, 100000, 1.000000, 1, 0.905422, 13.3386, 15926.2, 706.426, 0.070845, 16747.6
0.010000, 8, 1, 128, 2, 100000, 1.000000, 1, 0.839349, 13.9633, 15868.2, 707.562, 0.059249, 16690.5
0.010000, 8, 1, 128, 4, 100000, 1.000000, 1, 0.896687, 5.07632, 15614.4, 702.95, 0.07181, 16424.2
0.010000, 8, 1, 128, 4, 100000, 1.000000, 1, 0.90649, 7.75838, 15662.1, 659.278, 0.066803, 16429.7
0.010000, 8, 1, 128, 4, 100000, 1.000000, 1, 0.891546, 7.67351, 15578.6, 699.817, 0.056332, 16387.6
0.010000, 8, 1, 128, 8, 100000, 1.000000, 1, 1.97698, 13.1554, 15650.4, 705.404, 0.122875, 16470.7
0.010000, 8, 1, 128, 8, 100000, 1.000000, 1, 2.05744, 4.62582, 15696.1, 708.848, 0.093897, 16512
0.010000, 8, 1, 128, 8, 100000, 1.000000, 1, 1.94755, 5.13722, 15956.7, 707.287, 0.06014, 16772.1
0.010000, 8, 1, 128, 16, 100000, 1.000000, 1, 3.32732, 6.41, 15619.9, 705.647, 0.075023, 16435.5
0.010000, 8, 1, 128, 16, 100000, 1.000000, 1, 3.30975, 16.2436, 15752, 658.745, 0.152348, 16530.5
0.010000, 8, 1, 128, 16, 100000, 1.000000, 1, 3.37313, 6.62131, 15841.9, 661.595, 0.117478, 16614.9
---------------------------------------------------------------------------------------------------
0.010000, 8, 1, 128, 1, 10000, 0.100000, 1, 0.16827, 5.3756, 67.3608, 0.03078, 81.4325
0.010000, 8, 1, 128, 1, 10000, 0.100000, 1, 0.127515, 5.30556, 70.6509, 0.02281, 84.6941
0.010000, 8, 1, 128, 1, 10000, 0.100000, 1, 0.13068, 5.42096, 70.606, 0.024418, 84.7776
0.010000, 8, 1, 128, 2, 10000, 0.100000, 1, 0.186467, 4.94323, 71.3067, 0.031811, 85.0352
0.010000, 8, 1, 128, 2, 10000, 0.100000, 1, 0.160325, 5.02599, 71.3285, 0.027067, 85.1927
0.010000, 8, 1, 128, 2, 10000, 0.100000, 1, 0.176397, 4.8898, 66.7382, 0.028119, 80.3191
0.010000, 8, 1, 128, 4, 10000, 0.100000, 1, 0.213263, 5.16185, 71.8259, 0.027318, 85.91
0.010000, 8, 1, 128, 4, 10000, 0.100000, 1, 0.198552, 5.39488, 71.5785, 0.053723, 85.7405
0.010000, 8, 1, 128, 4, 10000, 0.100000, 1, 0.220042, 4.97617, 70.7818, 0.021949, 84.6844
0.010000, 8, 1, 128, 8, 10000, 0.100000, 1, 0.495469, 5.06643, 71.0342, 0.029513, 85.2183
0.010000, 8, 1, 128, 8, 10000, 0.100000, 1, 0.485283, 5.10874, 70.9707, 0.024632, 84.9981
0.010000, 8, 1, 128, 8, 10000, 0.100000, 1, 0.52775, 4.96797, 71.3559, 0.028521, 85.4729
0.010000, 8, 1, 128, 16, 10000, 0.100000, 1, 1.18707, 5.71764, 70.6664, 0.027548, 86.1032
0.010000, 8, 1, 128, 16, 10000, 0.100000, 1, 1.08132, 5.3129, 71.2657, 0.02519, 86.1802
0.010000, 8, 1, 128, 16, 10000, 0.100000, 1, 1.11927, 5.39469, 71.2753, 0.028623, 86.2548
0.010000, 8, 1, 128, 32, 10000, 0.100000, 1, 1.54994, 6.30772, 71.0693, 0.024417, 87.6051
0.010000, 8, 1, 128, 32, 10000, 0.100000, 1, 1.55682, 5.92651, 71.6376, 0.025304, 87.7409
0.010000, 8, 1, 128, 32, 10000, 0.100000, 1, 1.60646, 5.72012, 70.9484, 0.022182, 87.0733
0.010000, 8, 1, 128, 48, 10000, 0.100000, 1, 2.36447, 6.73376, 71.2402, 0.024542, 89.0072
0.010000, 8, 1, 128, 48, 10000, 0.100000, 1, 2.61939, 6.59439, 72.1018, 0.019596, 89.8699
0.010000, 8, 1, 128, 48, 10000, 0.100000, 1, 2.61217, 7.11264, 67.0592, 0.024187, 85.3064
0.010000, 8, 1, 128, 1, 10000, 1.000000, 1, 1.01773, 2.72473, 1602.94, 72.0894, 0.083486, 1691.73
0.010000, 8, 1, 128, 1, 10000, 1.000000, 1, 0.975013, 2.69185, 1629.76, 72.2176, 0.054938, 1718.49
0.010000, 8, 1, 128, 1, 10000, 1.000000, 1, 0.999824, 2.78451, 1624.55, 72.0247, 0.105752, 1713.72
0.010000, 8, 1, 128, 2, 10000, 1.000000, 1, 0.781145, 2.61808, 1402.43, 67.168, 0.085205, 1486.07
0.010000, 8, 1, 128, 2, 10000, 1.000000, 1, 0.803476, 3.28158, 1384.49, 71.8174, 0.075173, 1473.34
0.010000, 8, 1, 128, 2, 10000, 1.000000, 1, 0.811006, 2.76513, 1428.91, 72.4125, 0.091531, 1518.09
0.010000, 8, 1, 128, 4, 10000, 1.000000, 1, 0.822929, 3.39964, 1368.62, 71.6077, 0.071375, 1457.52
0.010000, 8, 1, 128, 4, 10000, 1.000000, 1, 0.871631, 3.17471, 1367.71, 71.9269, 0.108993, 1456.69
0.010000, 8, 1, 128, 4, 10000, 1.000000, 1, 0.848103, 3.40441, 1360.27, 71.3281, 0.073864, 1449.09
0.010000, 8, 1, 128, 8, 10000, 1.000000, 1, 1.93555, 3.58493, 1365.05, 71.9639, 0.186205, 1455.95
0.010000, 8, 1, 128, 8, 10000, 1.000000, 1, 1.73399, 3.58371, 1405.01, 72.2737, 0.091754, 1495.86
0.010000, 8, 1, 128, 8, 10000, 1.000000, 1, 1.7017, 3.79325, 1379.1, 72.3552, 0.12094, 1470.25
0.010000, 8, 1, 128, 16, 10000, 1.000000, 1, 3.04314, 5.05227, 1382.35, 71.9592, 0.103805, 1476.28
0.010000, 8, 1, 128, 16, 10000, 1.000000, 1, 3.0164, 4.646, 1366.91, 72.0253, 0.102759, 1460.05
0.010000, 8, 1, 128, 16, 10000, 1.000000, 1, 2.89532, 4.97484, 1372.38, 71.6946, 0.16585, 1465.29
----------------------------------------------------------------------------------------------------------
0.010000, 8, 1, 128, 1, 10000, 0.100000, 1, 0.149692, 5.40457, 71.4888, 0.030961, 85.7099
0.010000, 8, 1, 128, 1, 10000, 0.100000, 1, 0.12447, 5.29607, 71.6016, 0.019314, 85.5588
0.010000, 8, 1, 128, 1, 10000, 0.100000, 1, 0.123485, 5.30538, 66.8309, 0.022571, 80.7276
0.010000, 8, 1, 128, 2, 10000, 0.100000, 1, 0.169671, 5.02695, 71.0869, 0.022899, 84.9804
0.010000, 8, 1, 128, 2, 10000, 0.100000, 1, 0.158753, 4.86575, 66.7276, 0.023127, 80.5572
0.010000, 8, 1, 128, 2, 10000, 0.100000, 1, 0.198043, 4.90162, 71.3988, 0.036193, 85.2716
0.010000, 8, 1, 128, 4, 10000, 0.100000, 1, 0.23878, 5.42362, 70.9564, 0.025205, 85.1672
0.010000, 8, 1, 128, 4, 10000, 0.100000, 1, 0.233683, 5.01085, 71.6079, 0.022498, 85.4671
0.010000, 8, 1, 128, 4, 10000, 0.100000, 1, 0.19672, 5.08525, 71.1208, 0.025098, 84.8801
0.010000, 8, 1, 128, 8, 10000, 0.100000, 1, 0.43389, 5.41663, 71.3361, 0.027451, 85.9509
0.010000, 8, 1, 128, 8, 10000, 0.100000, 1, 0.615051, 4.99146, 66.6323, 0.021972, 80.7716
0.010000, 8, 1, 128, 8, 10000, 0.100000, 1, 0.514982, 5.10502, 71.5296, 0.021843, 85.7959
0.010000, 8, 1, 128, 16, 10000, 0.100000, 1, 1.05693, 5.44392, 71.1765, 0.012873, 86.1167
0.010000, 8, 1, 128, 16, 10000, 0.100000, 1, 0.79508, 5.28467, 71.4893, 0.028814, 86.2342
0.010000, 8, 1, 128, 16, 10000, 0.100000, 1, 0.840576, 5.54135, 71.7444, 0.029318, 86.7037
0.010000, 8, 1, 128, 32, 10000, 0.100000, 1, 1.68763, 6.24111, 71.3646, 0.023945, 88.0314
0.010000, 8, 1, 128, 32, 10000, 0.100000, 1, 1.83727, 5.91736, 71.602, 0.027985, 87.9209
0.010000, 8, 1, 128, 32, 10000, 0.100000, 1, 1.74667, 5.98077, 71.3645, 0.027675, 87.7446
0.010000, 8, 1, 128, 48, 10000, 0.100000, 1, 2.72138, 6.98253, 71.5373, 0.019468, 89.8279
0.010000, 8, 1, 128, 48, 10000, 0.100000, 1, 2.22751, 7.08142, 71.6586, 0.022318, 89.6097
0.010000, 8, 1, 128, 48, 10000, 0.100000, 1, 2.27074, 6.75577, 70.9447, 0.019364, 88.4201
0.010000, 8, 1, 128, 1, 10000, 1.000000, 1, 0.985029, 2.40964, 1661.32, 71.8889, 0.117438, 1749.84
0.010000, 8, 1, 128, 1, 10000, 1.000000, 1, 0.976546, 2.7495, 1621.87, 67.4352, 0.091467, 1705.96
0.010000, 8, 1, 128, 1, 10000, 1.000000, 1, 1.00433, 2.73656, 1619.3, 72.1705, 0.102669, 1708.38
0.010000, 8, 1, 128, 2, 10000, 1.000000, 1, 0.74848, 3.08109, 1398.9, 72.2226, 0.101482, 1487.97
0.010000, 8, 1, 128, 2, 10000, 1.000000, 1, 0.778762, 2.7641, 1398.73, 71.93, 0.094952, 1487.21
0.010000, 8, 1, 128, 2, 10000, 1.000000, 1, 0.753229, 2.38357, 1391.54, 71.9231, 0.097136, 1479.64
0.010000, 8, 1, 128, 4, 10000, 1.000000, 1, 0.859447, 3.65801, 1387.98, 71.8547, 0.068876, 1477.16
0.010000, 8, 1, 128, 4, 10000, 1.000000, 1, 0.833009, 3.3325, 1367.21, 71.9356, 0.102043, 1456.73
0.010000, 8, 1, 128, 4, 10000, 1.000000, 1, 0.826394, 3.22001, 1373.22, 72.2251, 0.075593, 1462.62
0.010000, 8, 1, 128, 8, 10000, 1.000000, 1, 1.75475, 3.34067, 1372.72, 71.6434, 0.067344, 1462.39
0.010000, 8, 1, 128, 8, 10000, 1.000000, 1, 1.8883, 3.86182, 1367.07, 71.7942, 0.066901, 1457.9
0.010000, 8, 1, 128, 8, 10000, 1.000000, 1, 1.74621, 3.80983, 1403.06, 72.1394, 0.09282, 1493.87
0.010000, 8, 1, 128, 16, 10000, 1.000000, 1, 2.86354, 5.13914, 1411.46, 71.9646, 0.119365, 1504.71
0.010000, 8, 1, 128, 16, 10000, 1.000000, 1, 3.03543, 4.5438, 1376.18, 67.1022, 0.078039, 1463.94
0.010000, 8, 1, 128, 16, 10000, 1.000000, 1, 2.78567, 4.96549, 1373.94, 72.1962, 0.148145, 1467.16
0.010000, 8, 1, 128, 1, 10000, 0.100000, 1, 0.13446, 5.36675, 71.6854, 0.02701, 85.8511
0.010000, 8, 1, 128, 1, 10000, 0.100000, 1, 0.199351, 5.31714, 71.3601, 0.046249, 85.4351
0.010000, 8, 1, 128, 1, 10000, 0.100000, 1, 0.12853, 5.32277, 72.1515, 0.023848, 86.1992
0.010000, 8, 1, 128, 2, 10000, 0.100000, 1, 0.187646, 4.85538, 71.1883, 0.023672, 84.8871
0.010000, 8, 1, 128, 2, 10000, 0.100000, 1, 0.165249, 4.88856, 71.8495, 0.024032, 85.4749
0.010000, 8, 1, 128, 2, 10000, 0.100000, 1, 0.151895, 4.96671, 71.2103, 0.023098, 84.8923
0.010000, 8, 1, 128, 4, 10000, 0.100000, 1, 0.192938, 5.06948, 71.1252, 0.024736, 85.1465
0.010000, 8, 1, 128, 4, 10000, 0.100000, 1, 0.209077, 5.04655, 71.2035, 0.024043, 85.1367
0.010000, 8, 1, 128, 4, 10000, 0.100000, 1, 0.19584, 5.19307, 67.0345, 0.026314, 81.0718
0.010000, 8, 1, 128, 8, 10000, 0.100000, 1, 0.596777, 5.2575, 71.2936, 0.029057, 85.7901
0.010000, 8, 1, 128, 8, 10000, 0.100000, 1, 0.49943, 4.99675, 71.4347, 0.026336, 85.5132
0.010000, 8, 1, 128, 8, 10000, 0.100000, 1, 0.446408, 4.91266, 71.1896, 0.024936, 85.1982
0.010000, 8, 1, 128, 16, 10000, 0.100000, 1, 0.909945, 5.48012, 71.3252, 0.026982, 86.475
0.010000, 8, 1, 128, 16, 10000, 0.100000, 1, 0.850058, 5.46601, 71.8954, 0.022642, 86.6774
0.010000, 8, 1, 128, 16, 10000, 0.100000, 1, 0.861584, 5.54424, 71.0277, 0.022056, 86.0746
0.010000, 8, 1, 128, 32, 10000, 0.100000, 1, 1.56907, 6.29071, 71.5878, 0.027124, 88.1524
0.010000, 8, 1, 128, 32, 10000, 0.100000, 1, 1.66069, 5.99838, 70.9726, 0.034376, 87.1617
0.010000, 8, 1, 128, 32, 10000, 0.100000, 1, 2.15535, 5.92638, 71.4689, 0.027076, 88.3251
0.010000, 8, 1, 128, 48, 10000, 0.100000, 1, 2.67626, 6.65412, 71.6316, 0.023164, 89.7104
0.010000, 8, 1, 128, 48, 10000, 0.100000, 1, 2.72998, 6.97265, 71.4925, 0.017173, 89.738
0.010000, 8, 1, 128, 48, 10000, 0.100000, 1, 2.1761, 7.11507, 71.3471, 0.020062, 89.2062
0.010000, 8, 1, 128, 1, 10000, 1.000000, 1, 0.879889, 2.64519, 1625.25, 71.7568, 0.118763, 1713.79
0.010000, 8, 1, 128, 1, 10000, 1.000000, 1, 0.844352, 2.20205, 1630.05, 71.6788, 0.104638, 1718.27
0.010000, 8, 1, 128, 1, 10000, 1.000000, 1, 0.818993, 2.15198, 1623.86, 67.2724, 0.111459, 1707.51
0.010000, 8, 1, 128, 2, 10000, 1.000000, 1, 0.599355, 2.52264, 1399.53, 71.9162, 0.104521, 1487.83
0.010000, 8, 1, 128, 2, 10000, 1.000000, 1, 0.598094, 2.85735, 1410.15, 72.4555, 0.103754, 1499.52
0.010000, 8, 1, 128, 2, 10000, 1.000000, 1, 0.592728, 2.80838, 1413.19, 72.1447, 0.133001, 1502.12
0.010000, 8, 1, 128, 4, 10000, 1.000000, 1, 0.703492, 2.96158, 1371.06, 72.0823, 0.168155, 1459.95
0.010000, 8, 1, 128, 4, 10000, 1.000000, 1, 0.70657, 2.72413, 1375.21, 72.1118, 0.124836, 1464.05
0.010000, 8, 1, 128, 4, 10000, 1.000000, 1, 0.70395, 3.2149, 1385.29, 71.7434, 0.207528, 1474.36
0.010000, 8, 1, 128, 8, 10000, 1.000000, 1, 1.5822, 3.75929, 1412.2, 71.8211, 0.15038, 1502.91
0.010000, 8, 1, 128, 8, 10000, 1.000000, 1, 1.65484, 3.72322, 1369.67, 72.4267, 0.168903, 1460.81
0.010000, 8, 1, 128, 8, 10000, 1.000000, 1, 1.49853, 3.60878, 1385.71, 71.929, 0.115243, 1476.15
0.010000, 8, 1, 128, 16, 10000, 1.000000, 1, 2.75118, 5.23712, 1367.02, 71.8679, 0.091413, 1460.37
0.010000, 8, 1, 128, 16, 10000, 1.000000, 1, 2.79983, 4.85251, 1402.56, 71.9244, 0.109431, 1495.48
0.010000, 8, 1, 128, 16, 10000, 1.000000, 1, 2.84386, 5.10062, 1382.94, 71.888, 0.102545, 1476.15
0.010000, 8, 1, 128, 32, 10000, 1.000000, 1, 1.95057, 1.88461, 10.2089, 71.8925, 0.071134, 98.7055
0.010000, 8, 1, 128, 32, 10000, 1.000000, 1, 1.76935, 2.10535, 10.9435, 71.766, 0.025472, 99.2663
0.010000, 8, 1, 128, 32, 10000, 1.000000, 1, 1.87208, 1.98977, 10.3311, 72.0868, 0.026, 98.6978
0.010000, 8, 1, 128, 48, 10000, 1.000000, 1, 2.7883, 2.71317, 10.4294, 71.2242, 0.034619, 99.8091
0.010000, 8, 1, 128, 48, 10000, 1.000000, 1, 2.77008, 3.32522, 10.4038, 72.4851, 0.02082, 101.626
0.010000, 8, 1, 128, 48, 10000, 1.000000, 1, 2.45717, 3.9695, 10.3213, 72.0884, 0.019055, 101.672
0.010000, 8, 1, 128, 1, 10000, 2.000000, 1, 16.2441, 5.77685, 54653.6, 71.7884, 0.325236, 54766.6
0.010000, 8, 1, 128, 1, 10000, 2.000000, 1, 16.3712, 5.91745, 54834.4, 71.8755, 0.280407, 54947.5
0.010000, 8, 1, 128, 1, 10000, 2.000000, 1, 16.2406, 5.85331, 54812, 71.876, 0.309562, 54924.9
0.010000, 8, 1, 128, 2, 10000, 2.000000, 1, 11.0417, 9.64435, 43665.4, 72.1456, 0.314208, 43777
0.010000, 8, 1, 128, 2, 10000, 2.000000, 1, 10.3163, 8.90938, 43868.8, 71.8604, 0.253393, 43978.2
0.010000, 8, 1, 128, 2, 10000, 2.000000, 1, 10.5221, 9.34155, 43712.1, 72.0322, 0.305191, 43822.9
0.010000, 8, 1, 128, 4, 10000, 2.000000, 1, 9.27327, 10.9778, 42800.7, 71.5431, 0.248328, 42910.9
0.010000, 8, 1, 128, 4, 10000, 2.000000, 1, 9.71153, 10.6162, 43152.9, 67.2384, 0.258206, 43259
0.010000, 8, 1, 128, 4, 10000, 2.000000, 1, 9.93294, 10.564, 42859.7, 67.2675, 0.246867, 42965.8
0.010000, 8, 1, 128, 8, 10000, 2.000000, 1, 10.8521, 12.0521, 42887.2, 72.3716, 0.368606, 43002
0.010000, 8, 1, 128, 8, 10000, 2.000000, 1, 10.791, 10.4323, 43084.8, 72.2946, 0.365997, 43197.4
0.010000, 8, 1, 128, 8, 10000, 2.000000, 1, 11.1905, 11.5667, 43662.9, 67.5504, 0.458144, 43772.4
0.010000, 8, 1, 128, 16, 10000, 2.000000, 1, 10.8191, 14.9539, 43043.2, 71.6499, 0.357188, 43160.2
0.010000, 8, 1, 128, 16, 10000, 2.000000, 1, 10.3764, 14.8478, 43703, 72.3541, 0.304318, 43819.7
0.010000, 8, 1, 128, 16, 10000, 2.000000, 1, 10.317, 15.5243, 43006.3, 71.9345, 0.321462, 43123.4
0.010000, 8, 1, 128, 32, 10000, 2.000000, 1, 12.6689, 20.0438, 42849.4, 71.2816, 0.338377, 42972.9
0.010000, 8, 1, 128, 32, 10000, 2.000000, 1, 12.3981, 17.681, 42832.8, 72.1885, 0.352848, 42954.7
0.010000, 8, 1, 128, 32, 10000, 2.000000, 1, 12.2893, 18.4421, 42823.5, 72.179, 0.350633, 42945.9
0.010000, 8, 1, 128, 48, 10000, 2.000000, 1, 16.7382, 22.3332, 42806.5, 71.9668, 0.313056, 42937.1
0.010000, 8, 1, 128, 48, 10000, 2.000000, 1, 16.0445, 21.1561, 42950.8, 72.1049, 0.391105, 43079.7
0.010000, 8, 1, 128, 48, 10000, 2.000000, 1, 16.0487, 22.0206, 42808.3, 71.5386, 0.370833, 42937.6
0.010000, 8, 1, 128, 1, 10000, 4.000000, 1, 97.1376, 13.3855, 279110, 71.2322, 0.971655, 279326
0.010000, 8, 1, 128, 1, 10000, 4.000000, 1, 97.2141, 13.5559, 279300, 72.0917, 0.954188, 279517
0.010000, 8, 1, 128, 1, 10000, 4.000000, 1, 97.14, 13.3659, 278659, 71.3529, 0.797581, 278875
0.010000, 8, 1, 128, 2, 10000, 4.000000, 1, 52.4162, 11.0673, 199731, 67.1673, 0.778593, 199895
0.010000, 8, 1, 128, 2, 10000, 4.000000, 1, 52.6877, 11.1091, 196209, 71.9386, 0.736283, 196378
0.010000, 8, 1, 128, 2, 10000, 4.000000, 1, 52.5173, 11.2514, 196066, 71.5072, 0.73148, 196234
0.010000, 8, 1, 128, 4, 10000, 4.000000, 1, 29.9645, 12.6169, 178831, 72.013, 0.701545, 178978
0.010000, 8, 1, 128, 4, 10000, 4.000000, 1, 29.8766, 13.3419, 178438, 67.4038, 0.73361, 178582
0.010000, 8, 1, 128, 4, 10000, 4.000000, 1, 29.9752, 12.9238, 178899, 72.1363, 0.732591, 179047
0.010000, 8, 1, 128, 8, 10000, 4.000000, 1, 18.6284, 12.7984, 176767, 71.7945, 0.897971, 176903
0.010000, 8, 1, 128, 8, 10000, 4.000000, 1, 18.8419, 13.5283, 176327, 72.0915, 0.806354, 176465
0.010000, 8, 1, 128, 8, 10000, 4.000000, 1, 18.7093, 14.7834, 176389, 71.7247, 0.714433, 176528
0.010000, 8, 1, 128, 16, 10000, 4.000000, 1, 14.2237, 16.0012, 176937, 71.8699, 0.732247, 177072
0.010000, 8, 1, 128, 16, 10000, 4.000000, 1, 14.7156, 15.7907, 176477, 72.3263, 0.773437, 176614
0.010000, 8, 1, 128, 16, 10000, 4.000000, 1, 14.6833, 15.7473, 176551, 71.9055, 0.752216, 176687
0.010000, 8, 1, 128, 32, 10000, 4.000000, 1, 15.3684, 19.2126, 177007, 67.3506, 0.820312, 177142
0.010000, 8, 1, 128, 32, 10000, 4.000000, 1, 15.0521, 18.6831, 176288, 71.8986, 0.787404, 176428
0.010000, 8, 1, 128, 32, 10000, 4.000000, 1, 15.7082, 19.6596, 176772, 71.4221, 0.809661, 176912
0.010000, 8, 1, 128, 48, 10000, 4.000000, 1, 18.2971, 21.3886, 176862, 67.4167, 0.707372, 177002
0.010000, 8, 1, 128, 48, 10000, 4.000000, 1, 18.6448, 22.5442, 176986, 72.4, 0.810988, 177133
0.010000, 8, 1, 128, 48, 10000, 4.000000, 1, 18.5609, 23.3282, 177135, 72.1173, 0.778384, 177283
0.010000, 8, 1, 128, 1, 10000, 8.000000, 1, 100.238, 12.9202, 121950, 72.6384, 0.433716, 122179
0.010000, 8, 1, 128, 1, 10000, 8.000000, 1, 100.296, 1349.42, 122388, 71.9713, 0.493317, 123954
0.010000, 8, 1, 128, 1, 10000, 8.000000, 1, 100.365, 2964.6, 123475, 72.0795, 0.36574, 126655
0.010000, 8, 1, 128, 2, 10000, 8.000000, 1, 52.0971, 11.9683, 72952.4, 1135.16, 0.372701, 75435.1
0.010000, 8, 1, 128, 2, 10000, 8.000000, 1, 51.9333, 11.3371, 70323.6, 72.162, 0.362482, 70501.4
0.010000, 8, 1, 128, 2, 10000, 8.000000, 1, 51.9111, 12.2637, 284326, 71.9771, 0.383204, 284504
0.010000, 8, 1, 128, 4, 10000, 8.000000, 1, 28.7706, 13.0453, 51741.3, 71.2207, 0.397781, 51896.4
0.010000, 8, 1, 128, 4, 10000, 8.000000, 1, 28.9114, 13.055, 51451, 71.6988, 0.397423, 51606.8
0.010000, 8, 1, 128, 4, 10000, 8.000000, 1, 28.518, 12.1133, 51390.4, 71.8026, 0.421434, 51544.7
0.010000, 8, 1, 128, 8, 10000, 8.000000, 1, 18.4206, 12.4795, 39938.1, 71.4248, 0.424566, 40081.8
0.010000, 8, 1, 128, 8, 10000, 8.000000, 1, 17.6591, 12.006, 39854, 71.4549, 0.411124, 39996.9
0.010000, 8, 1, 128, 8, 10000, 8.000000, 1, 18.0736, 12.817, 39866, 71.9105, 0.429439, 40009.9
0.010000, 8, 1, 128, 16, 10000, 8.000000, 1, 12.6577, 13.461, 38785.8, 71.7598, 0.387994, 38924.6
0.010000, 8, 1, 128, 16, 10000, 8.000000, 1, 11.9869, 13.6513, 38802.8, 67.3422, 0.373515, 38936.6
0.010000, 8, 1, 128, 16, 10000, 8.000000, 1, 12.303, 13.987, 38787.3, 72.3794, 0.434684, 38927.3
0.010000, 8, 1, 128, 32, 10000, 8.000000, 1, 12.7434, 15.5464, 38834.4, 72.4259, 0.465555, 38976.7
0.010000, 8, 1, 128, 32, 10000, 8.000000, 1, 12.0038, 15.5156, 39317.9, 67.3568, 0.393162, 39453.5
0.010000, 8, 1, 128, 32, 10000, 8.000000, 1, 11.8452, 16.5568, 38585.7, 71.7592, 0.379208, 38727.2
0.010000, 8, 1, 128, 48, 10000, 8.000000, 1, 14.7814, 16.6338, 38736.3, 71.7459, 0.441477, 38880.9
0.010000, 8, 1, 128, 48, 10000, 8.000000, 1, 14.7258, 17.0282, 38762.6, 71.7553, 0.378743, 38908
0.010000, 8, 1, 128, 48, 10000, 8.000000, 1, 15.5373, 16.6556, 38649.2, 67.598, 0.378307, 38790.2
0.010000, 8, 1, 128, 1, 10000, 16.000000, 1, 69.7061, 8.22928, 32967, 72.758, 0.137219, 33165.8
0.010000, 8, 1, 128, 1, 10000, 16.000000, 1, 69.7477, 8.08625, 32973.1, 71.9405, 0.134777, 33170.7
0.010000, 8, 1, 128, 1, 10000, 16.000000, 1, 69.7188, 8.11926, 33005, 71.7562, 0.136473, 33202.5
0.010000, 8, 1, 128, 2, 10000, 16.000000, 1, 35.3354, 6.38537, 19302.1, 71.8056, 0.136095, 19463.2
0.010000, 8, 1, 128, 2, 10000, 16.000000, 1, 35.489, 6.3973, 19213, 67.4154, 0.145234, 19369.5
0.010000, 8, 1, 128, 2, 10000, 16.000000, 1, 35.4064, 6.32977, 19731.7, 71.7696, 0.128561, 19892.6
0.010000, 8, 1, 128, 4, 10000, 16.000000, 1, 18.2369, 7.24199, 11497, 71.8852, 0.147484, 11641.4
0.010000, 8, 1, 128, 4, 10000, 16.000000, 1, 18.5718, 7.26307, 11308.5, 71.8257, 0.142934, 11453.2
0.010000, 8, 1, 128, 4, 10000, 16.000000, 1, 18.1399, 7.21525, 11192, 71.8653, 0.134558, 11336.2
0.010000, 8, 1, 128, 8, 10000, 16.000000, 1, 10.931, 7.56891, 7904.37, 71.9235, 0.173133, 8041.23
0.010000, 8, 1, 128, 8, 10000, 16.000000, 1, 11.0295, 7.15292, 7925.51, 71.4665, 0.144092, 8061.5
0.010000, 8, 1, 128, 8, 10000, 16.000000, 1, 10.26, 7.03672, 7880.5, 71.5313, 0.148737, 8015.96
0.010000, 8, 1, 128, 16, 10000, 16.000000, 1, 7.14532, 7.15718, 4084.5, 72.0257, 0.15843, 4216.9
0.010000, 8, 1, 128, 16, 10000, 16.000000, 1, 6.90628, 7.97192, 4079.68, 71.8831, 0.152363, 4212.42
0.010000, 8, 1, 128, 16, 10000, 16.000000, 1, 6.65901, 7.27158, 4161.45, 71.9281, 0.143801, 4293.56
0.010000, 8, 1, 128, 32, 10000, 16.000000, 1, 6.22311, 7.80988, 3974.02, 71.2467, 0.150289, 4105.57
0.010000, 8, 1, 128, 32, 10000, 16.000000, 1, 6.36745, 8.21842, 4014.7, 67.2944, 0.15992, 4142.87
0.010000, 8, 1, 128, 32, 10000, 16.000000, 1, 6.10908, 7.50784, 4078.64, 67.3511, 0.146234, 4206.29
0.010000, 8, 1, 128, 48, 10000, 16.000000, 1, 7.14309, 8.70156, 3979.69, 71.8189, 0.139958, 4113.77
0.010000, 8, 1, 128, 48, 10000, 16.000000, 1, 6.79364, 8.69792, 3997.89, 72.2782, 0.161322, 4132.02
0.010000, 8, 1, 128, 48, 10000, 16.000000, 1, 6.94376, 8.71956, 3977.64, 71.9853, 0.162067, 4111.67
0.010000, 8, 1, 128, 1, 10000, 10.000000, 1, 93.2285, 10.1016, 87873.1, 67.672, 0.291878, 88088.4
0.010000, 8, 1, 128, 1, 10000, 10.000000, 1, 93.3867, 10.5047, 87074.1, 71.5797, 0.297515, 87293.5
0.010000, 8, 1, 128, 1, 10000, 10.000000, 1, 93.4973, 10.6095, 86997.8, 71.6666, 0.294872, 87217.9
0.010000, 8, 1, 128, 2, 10000, 10.000000, 1, 47.6491, 7.87298, 54800.8, 71.6977, 0.287031, 54971.5
0.010000, 8, 1, 128, 2, 10000, 10.000000, 1, 47.7483, 7.99293, 55964.1, 71.7621, 0.290775, 56135.2
0.010000, 8, 1, 128, 2, 10000, 10.000000, 1, 47.5888, 7.89615, 54865.5, 71.8267, 0.289832, 55036.2
0.010000, 8, 1, 128, 4, 10000, 10.000000, 1, 25.4306, 9.5601, 31603.2, 71.9008, 0.278097, 31752.7
0.010000, 8, 1, 128, 4, 10000, 10.000000, 1, 24.8811, 9.0495, 32209.1, 71.9687, 0.28863, 32357.6
0.010000, 8, 1, 128, 4, 10000, 10.000000, 1, 25.13, 9.14017, 31660, 67.4153, 0.289444, 31804.8
0.010000, 8, 1, 128, 8, 10000, 10.000000, 1, 15.5677, 11.069, 30291.7, 71.9674, 0.332092, 30432.9
0.010000, 8, 1, 128, 8, 10000, 10.000000, 1, 14.5849, 10.0459, 30190.8, 71.8954, 0.305576, 30330.7
0.010000, 8, 1, 128, 8, 10000, 10.000000, 1, 15.2331, 10.3108, 30180.7, 71.4318, 0.304371, 30320.3
0.010000, 8, 1, 128, 16, 10000, 10.000000, 1, 9.83949, 10.3314, 27262.6, 72.0756, 0.307224, 27397.5
0.010000, 8, 1, 128, 16, 10000, 10.000000, 1, 9.51976, 10.9759, 27115.4, 71.7462, 0.285738, 27250.3
0.010000, 8, 1, 128, 16, 10000, 10.000000, 1, 9.52751, 10.2675, 27162.7, 71.6022, 0.281522, 27296.7
0.010000, 8, 1, 128, 32, 10000, 10.000000, 1, 9.23104, 12.3262, 27059.9, 67.1491, 0.322047, 27191.1
0.010000, 8, 1, 128, 32, 10000, 10.000000, 1, 9.30048, 11.5911, 27675.3, 71.8911, 0.32954, 27810.9
0.010000, 8, 1, 128, 32, 10000, 10.000000, 1, 9.8234, 11.7879, 27225.2, 67.2916, 0.298689, 27356.9
0.010000, 8, 1, 128, 48, 10000, 10.000000, 1, 11.066, 13.1704, 27222.3, 71.6307, 0.295206, 27361.7
0.010000, 8, 1, 128, 48, 10000, 10.000000, 1, 11.1975, 13.3121, 27170.7, 72.0958, 0.284098, 27309.3
0.010000, 8, 1, 128, 48, 10000, 10.000000, 1, 11.5298, 13.5875, 27724.9, 72.1465, 0.282783, 27864.8
0.010000, 8, 1, 128, 1, 10000, 10.000000, 0, 93.2611, 10.1719, 18524.9, 72.0374, 0.30146, 18744.3
0.010000, 8, 1, 128, 1, 10000, 10.000000, 0, 93.2578, 10.4089, 18178.2, 72.2712, 0.285532, 18398.6
0.010000, 8, 1, 128, 1, 10000, 10.000000, 0, 93.3112, 10.5045, 18163.5, 71.4537, 0.306911, 18383.4
0.010000, 8, 1, 128, 2, 10000, 10.000000, 0, 47.8597, 8.26645, 10922, 71.6522, 0.30449, 11093.1
0.010000, 8, 1, 128, 2, 10000, 10.000000, 0, 47.3834, 8.11678, 10861.9, 72.3384, 0.292282, 11032.8
0.010000, 8, 1, 128, 2, 10000, 10.000000, 0, 47.8068, 8.36746, 10899.6, 71.7713, 0.291719, 11070.7
0.010000, 8, 1, 128, 4, 10000, 10.000000, 0, 25.2219, 8.70693, 6199.44, 71.9708, 0.276855, 6348.5
0.010000, 8, 1, 128, 4, 10000, 10.000000, 0, 25.9464, 8.83369, 6202.91, 71.7007, 0.290365, 6352.4
0.010000, 8, 1, 128, 4, 10000, 10.000000, 0, 25.0356, 8.7072, 6187.91, 71.2456, 0.308488, 6335.85
0.010000, 8, 1, 128, 8, 10000, 10.000000, 0, 14.6115, 11.2724, 5567.21, 71.8194, 0.332395, 5708.03
0.010000, 8, 1, 128, 8, 10000, 10.000000, 0, 14.704, 10.134, 5570.98, 71.8559, 0.30854, 5710.66
0.010000, 8, 1, 128, 8, 10000, 10.000000, 0, 15.078, 10.9276, 5574.93, 71.3153, 0.290964, 5714.76
0.010000, 8, 1, 128, 16, 10000, 10.000000, 0, 10.0242, 10.207, 4759.4, 71.8737, 0.319684, 4894.04
0.010000, 8, 1, 128, 16, 10000, 10.000000, 0, 9.38064, 10.4979, 4740.94, 67.5076, 0.303495, 4870.59
0.010000, 8, 1, 128, 16, 10000, 10.000000, 0, 9.88828, 9.81224, 4753.2, 66.873, 0.300299, 4882.09
0.010000, 8, 1, 128, 32, 10000, 10.000000, 0, 9.63796, 12.6329, 4703.8, 71.9026, 0.30019, 4840.33
0.010000, 8, 1, 128, 32, 10000, 10.000000, 0, 9.35593, 12.5339, 4731.38, 71.8037, 0.300573, 4867.6
0.010000, 8, 1, 128, 32, 10000, 10.000000, 0, 9.56283, 12.3316, 4705.21, 71.6506, 0.301415, 4841.14
0.010000, 8, 1, 128, 48, 10000, 10.000000, 0, 10.9299, 14.3091, 4710.94, 71.7541, 0.323859, 4850.67
0.010000, 8, 1, 128, 48, 10000, 10.000000, 0, 10.9651, 14.2667, 4711.75, 72.1187, 0.332171, 4851.68
0.010000, 8, 1, 128, 48, 10000, 10.000000, 0, 11.1186, 14.1346, 4714.87, 72.0518, 0.294724, 4855.02
0.010000, 2, 1, 128, 1, 10000, 10.000000, 1, 4.44568, 1.13946, 538.14, 30.7595, 0.04129, 589.181
0.010000, 2, 1, 128, 1, 10000, 10.000000, 1, 4.44178, 1.10779, 557.167, 31.1429, 0.060495, 608.995
0.010000, 2, 1, 128, 1, 10000, 10.000000, 1, 4.40888, 1.08145, 538.482, 30.94, 0.046035, 589.511
0.010000, 2, 1, 128, 2, 10000, 10.000000, 1, 4.79485, 1.49462, 326.57, 30.915, 0.047439, 378.755
0.010000, 2, 1, 128, 2, 10000, 10.000000, 1, 4.84401, 1.38324, 328.263, 29.0856, 0.045174, 378.967
0.010000, 2, 1, 128, 2, 10000, 10.000000, 1, 4.65824, 1.68411, 327.322, 30.9856, 0.063001, 379.895
0.010000, 2, 1, 128, 4, 10000, 10.000000, 1, 3.90129, 1.87367, 208.482, 30.8969, 0.023811, 259.494
0.010000, 2, 1, 128, 4, 10000, 10.000000, 1, 4.48749, 2.08792, 214.916, 30.9012, 0.075781, 267.514
0.010000, 2, 1, 128, 4, 10000, 10.000000, 1, 4.6874, 1.89698, 208.252, 29.1467, 0.044385, 259.045
0.010000, 2, 1, 128, 8, 10000, 10.000000, 1, 4.25425, 1.83215, 152.617, 31.2383, 0.067621, 204.758
0.010000, 2, 1, 128, 8, 10000, 10.000000, 1, 4.82031, 1.97793, 151.411, 30.66, 0.046686, 203.946
0.010000, 2, 1, 128, 8, 10000, 10.000000, 1, 3.84712, 2.06463, 152.856, 29.2409, 0.07287, 202.914
0.010000, 2, 1, 128, 16, 10000, 10.000000, 1, 4.16428, 2.22555, 136.042, 30.7852, 0.085632, 188.42
0.010000, 2, 1, 128, 16, 10000, 10.000000, 1, 4.18828, 2.40429, 135.071, 31.0053, 0.069769, 187.865
0.010000, 2, 1, 128, 16, 10000, 10.000000, 1, 4.26385, 2.29899, 138.799, 30.9337, 0.066479, 191.294
0.010000, 2, 1, 128, 32, 10000, 10.000000, 1, 4.47543, 3.92809, 121.251, 30.9264, 0.097564, 175.763
0.010000, 2, 1, 128, 32, 10000, 10.000000, 1, 4.80181, 3.69391, 122.745, 30.9107, 0.044032, 177.163
0.010000, 2, 1, 128, 32, 10000, 10.000000, 1, 4.94458, 4.05492, 124.787, 31.0597, 0.04805, 179.895
0.010000, 2, 1, 128, 48, 10000, 10.000000, 1, 5.80891, 5.15427, 126.325, 31.1165, 0.064672, 183.649
0.010000, 2, 1, 128, 48, 10000, 10.000000, 1, 6.30773, 5.07411, 124.028, 31.0531, 0.063334, 181.608
0.010000, 2, 1, 128, 48, 10000, 10.000000, 1, 6.15765, 5.48378, 122.172, 30.9768, 0.038559, 180.009
0.010000, 4, 1, 128, 1, 10000, 10.000000, 1, 13.5128, 2.36693, 5196.59, 44.2726, 0.061833, 5277.04
0.010000, 4, 1, 128, 1, 10000, 10.000000, 1, 13.6429, 2.38429, 5346.33, 41.8775, 0.062072, 5424.77
0.010000, 4, 1, 128, 1, 10000, 10.000000, 1, 13.5734, 2.30994, 5179.17, 44.6829, 0.0828, 5260.2
0.010000, 4, 1, 128, 2, 10000, 10.000000, 1, 7.85596, 3.44012, 3030.34, 44.2781, 0.08937, 3106.66
0.010000, 4, 1, 128, 2, 10000, 10.000000, 1, 7.90627, 3.13604, 3022.21, 44.506, 0.070649, 3098.39
0.010000, 4, 1, 128, 2, 10000, 10.000000, 1, 7.71655, 3.60308, 3050.23, 44.6812, 0.085957, 3126.99
0.010000, 4, 1, 128, 4, 10000, 10.000000, 1, 4.8323, 4.29473, 2128.18, 44.7242, 0.106079, 2202.45
0.010000, 4, 1, 128, 4, 10000, 10.000000, 1, 4.62991, 4.11767, 2119.52, 44.4116, 0.058629, 2192.96
0.010000, 4, 1, 128, 4, 10000, 10.000000, 1, 4.6013, 4.04583, 2186.4, 44.4709, 0.096545, 2260.19
0.010000, 4, 1, 128, 8, 10000, 10.000000, 1, 4.67163, 4.63841, 1182.22, 44.5948, 0.110125, 1256.47
0.010000, 4, 1, 128, 8, 10000, 10.000000, 1, 4.91464, 4.21045, 1188.1, 44.6928, 0.088919, 1262.33
0.010000, 4, 1, 128, 8, 10000, 10.000000, 1, 5.12529, 4.11401, 1195.56, 44.8155, 0.09343, 1270.09
0.010000, 4, 1, 128, 16, 10000, 10.000000, 1, 4.66146, 4.15787, 1138.81, 44.5647, 0.105813, 1213.08
0.010000, 4, 1, 128, 16, 10000, 10.000000, 1, 4.9488, 4.17259, 1105.77, 44.6521, 0.087546, 1180.09
0.010000, 4, 1, 128, 16, 10000, 10.000000, 1, 4.70294, 4.60802, 1137.12, 44.6157, 0.099518, 1211.93
0.010000, 4, 1, 128, 32, 10000, 10.000000, 1, 5.33353, 4.85601, 1086.18, 44.4557, 0.093261, 1161.55
0.010000, 4, 1, 128, 32, 10000, 10.000000, 1, 5.69169, 4.67462, 1085.08, 44.2302, 0.113848, 1160.41
0.010000, 4, 1, 128, 32, 10000, 10.000000, 1, 5.38484, 4.90968, 1083.92, 44.5401, 0.107785, 1159.89
0.010000, 4, 1, 128, 48, 10000, 10.000000, 1, 6.36406, 6.58551, 1108.57, 44.3493, 0.088091, 1186.4
0.010000, 4, 1, 128, 48, 10000, 10.000000, 1, 6.48431, 6.33786, 1105.09, 44.6294, 0.081082, 1183.25
0.010000, 4, 1, 128, 48, 10000, 10.000000, 1, 6.38998, 6.1089, 1114.22, 44.6356, 0.088746, 1192.09
0.010000, 8, 1, 128, 1, 10000, 10.000000, 1, 93.2148, 10.043, 87617.6, 71.2891, 0.279593, 87836
0.010000, 8, 1, 128, 1, 10000, 10.000000, 1, 93.2854, 9.90453, 87584, 71.4816, 0.329581, 87802.5
0.010000, 8, 1, 128, 1, 10000, 10.000000, 1, 93.1901, 9.82844, 89187.2, 72.3181, 0.274965, 89406.5
0.010000, 8, 1, 128, 2, 10000, 10.000000, 1, 47.7366, 7.65276, 55948.4, 71.4044, 0.278956, 56118.4
0.010000, 8, 1, 128, 2, 10000, 10.000000, 1, 48.2545, 7.75311, 54814, 71.6985, 0.314073, 54985
0.010000, 8, 1, 128, 2, 10000, 10.000000, 1, 47.7532, 8.03379, 54702.4, 71.5655, 0.287043, 54872.9
0.010000, 8, 1, 128, 4, 10000, 10.000000, 1, 25.2385, 8.67413, 31574.5, 66.9064, 0.300531, 31718
0.010000, 8, 1, 128, 4, 10000, 10.000000, 1, 24.6617, 9.26377, 31618.4, 72.3015, 0.299501, 31767.3
0.010000, 8, 1, 128, 4, 10000, 10.000000, 1, 24.4801, 10.1929, 31618, 71.9945, 0.262777, 31767.5
0.010000, 8, 1, 128, 8, 10000, 10.000000, 1, 14.6221, 10.3782, 30036.8, 71.8422, 0.319919, 30176.2
0.010000, 8, 1, 128, 8, 10000, 10.000000, 1, 14.5954, 10.0378, 30062.3, 71.8858, 0.331349, 30201.5
0.010000, 8, 1, 128, 8, 10000, 10.000000, 1, 14.3004, 10.7554, 30126.9, 71.8456, 0.361648, 30266.4
0.010000, 8, 1, 128, 16, 10000, 10.000000, 1, 9.92498, 10.7468, 27211.2, 71.8464, 0.426796, 27346
0.010000, 8, 1, 128, 16, 10000, 10.000000, 1, 10.0472, 10.36, 27289.9, 71.6538, 0.335153, 27424.4
0.010000, 8, 1, 128, 16, 10000, 10.000000, 1, 9.88958, 10.607, 27106.6, 72.0089, 0.307711, 27241.4
0.010000, 8, 1, 128, 32, 10000, 10.000000, 1, 9.52019, 12.1604, 27053.2, 71.8935, 0.30655, 27189.2
0.010000, 8, 1, 128, 32, 10000, 10.000000, 1, 9.01457, 12.0283, 27233.9, 71.8771, 0.30591, 27369.4
0.010000, 8, 1, 128, 32, 10000, 10.000000, 1, 9.61849, 11.9197, 27649.1, 72.2241, 0.324085, 27785.5
0.010000, 8, 1, 128, 48, 10000, 10.000000, 1, 10.7786, 13.0491, 27058.9, 71.988, 0.296743, 27196.9
0.010000, 8, 1, 128, 48, 10000, 10.000000, 1, 11.64, 13.1225, 27164.2, 67.2965, 0.284748, 27298.7
0.010000, 8, 1, 128, 48, 10000, 10.000000, 1, 10.8349, 13.5004, 27630.1, 72.4211, 0.370775, 27769.2
0.010000, 8, 1, 4, 1, 10000, 10.000000, 1, 0.548336, 1.45076, 1116.48, 67.3197, 0.102286, 1198.34
0.010000, 8, 1, 4, 1, 10000, 10.000000, 1, 0.524529, 1.43909, 1118.7, 71.9148, 0.119688, 1205.16
0.010000, 8, 1, 4, 1, 10000, 10.000000, 1, 0.514187, 1.45346, 1120.07, 72.0874, 0.088745, 1206.31
0.010000, 8, 1, 4, 2, 10000, 10.000000, 1, 0.500835, 2.19196, 963.134, 72.1537, 0.047124, 1050.29
0.010000, 8, 1, 4, 2, 10000, 10.000000, 1, 0.449894, 2.26213, 966.789, 72.0038, 0.150544, 1053.96
0.010000, 8, 1, 4, 2, 10000, 10.000000, 1, 0.42467, 2.30331, 952.257, 72.2072, 0.106803, 1039.73
0.010000, 8, 1, 4, 4, 10000, 10.000000, 1, 0.577394, 2.51107, 968.153, 67.3781, 0.036252, 1050.46
0.010000, 8, 1, 4, 4, 10000, 10.000000, 1, 0.596776, 2.76462, 983.113, 72.0464, 0.124239, 1071.21
0.010000, 8, 1, 4, 4, 10000, 10.000000, 1, 0.622857, 2.8796, 964.496, 71.7966, 0.133665, 1052.43
0.010000, 8, 1, 4, 8, 10000, 10.000000, 1, 1.64035, 2.65742, 953.381, 71.8179, 0.059817, 1041.64
0.010000, 8, 1, 4, 8, 10000, 10.000000, 1, 1.60923, 2.87359, 953.273, 72.1072, 0.099188, 1042.05
0.010000, 8, 1, 4, 8, 10000, 10.000000, 1, 1.54497, 3.0652, 955.813, 71.3499, 0.119867, 1044.37
0.010000, 8, 1, 4, 16, 10000, 10.000000, 1, 1.01035, 0.811284, 5.40663, 67.1896, 0.02466, 86.5146
0.010000, 8, 1, 4, 16, 10000, 10.000000, 1, 0.866623, 0.840058, 7.19661, 71.8891, 0.027449, 92.8134
0.010000, 8, 1, 4, 16, 10000, 10.000000, 1, 0.867724, 0.844349, 5.83844, 67.3621, 0.024737, 86.6907
0.010000, 8, 1, 4, 32, 10000, 10.000000, 1, 1.79184, 1.57032, 5.3076, 72.1976, 0.023733, 92.5865
0.010000, 8, 1, 4, 32, 10000, 10.000000, 1, 1.87495, 1.60164, 6.83182, 71.4274, 0.021565, 93.7426
0.010000, 8, 1, 4, 32, 10000, 10.000000, 1, 1.77304, 1.53832, 5.6404, 71.4163, 0.046291, 92.3329
0.010000, 8, 1, 4, 48, 10000, 10.000000, 1, 2.72249, 2.43389, 6.2141, 67.6954, 0.053604, 90.9642
0.010000, 8, 1, 4, 48, 10000, 10.000000, 1, 2.74249, 2.27518, 5.88729, 71.8816, 0.03987, 94.9527
0.010000, 8, 1, 4, 48, 10000, 10.000000, 1, 2.94089, 2.27373, 5.13167, 72.1214, 0.034885, 94.4551
0.010000, 8, 1, 8, 1, 10000, 10.000000, 1, 83.9688, 13.6052, 353345, 71.8299, 1.06743, 353542
0.010000, 8, 1, 8, 1, 10000, 10.000000, 1, 83.9464, 13.4477, 352433, 72.2695, 1.05458, 352631
0.010000, 8, 1, 8, 1, 10000, 10.000000, 1, 83.9699, 13.7988, 358691, 71.512, 1.06659, 358889
0.010000, 8, 1, 8, 2, 10000, 10.000000, 1, 45.1889, 11.5715, 279623, 71.9787, 1.10178, 279778
0.010000, 8, 1, 8, 2, 10000, 10.000000, 1, 44.4948, 11.3086, 278887, 71.7199, 1.08811, 279041
0.010000, 8, 1, 8, 2, 10000, 10.000000, 1, 44.6614, 11.0784, 278612, 71.8927, 1.08231, 278767
0.010000, 8, 1, 8, 4, 10000, 10.000000, 1, 25.0345, 13.2852, 282969, 71.8381, 1.04367, 283105
0.010000, 8, 1, 8, 4, 10000, 10.000000, 1, 25.3399, 12.2177, 278470, 72.3768, 1.14226, 278606
0.010000, 8, 1, 8, 4, 10000, 10.000000, 1, 25.3705, 12.9642, 278278, 73.0533, 1.10096, 278416
0.010000, 8, 1, 8, 8, 10000, 10.000000, 1, 16.3255, 12.8351, 277935, 72.7842, 1.05673, 278063
0.010000, 8, 1, 8, 8, 10000, 10.000000, 1, 15.9574, 13.7707, 277989, 71.5403, 1.08742, 278116
0.010000, 8, 1, 8, 8, 10000, 10.000000, 1, 16.7704, 13.6899, 278145, 71.6553, 1.10313, 278274
0.010000, 8, 1, 8, 16, 10000, 10.000000, 1, 13.236, 14.9432, 278422, 72.2991, 1.06769, 278549
0.010000, 8, 1, 8, 16, 10000, 10.000000, 1, 12.9482, 15.203, 277947, 72.0214, 1.09112, 278074
0.010000, 8, 1, 8, 16, 10000, 10.000000, 1, 12.3098, 13.6769, 278184, 71.7723, 1.06405, 278308
0.010000, 8, 1, 8, 32, 10000, 10.000000, 1, 13.5443, 19.7734, 278639, 71.7414, 1.14958, 278771
0.010000, 8, 1, 8, 32, 10000, 10.000000, 1, 13.7904, 21.2015, 277599, 67.3538, 1.08533, 277729
0.010000, 8, 1, 8, 32, 10000, 10.000000, 1, 13.8208, 21.3202, 278130, 71.5886, 1.13011, 278264
0.010000, 8, 1, 8, 48, 10000, 10.000000, 1, 18.6546, 24.4659, 278009, 67.0705, 1.07822, 278146
0.010000, 8, 1, 8, 48, 10000, 10.000000, 1, 16.2262, 26.6951, 278281, 71.7511, 1.12679, 278423
0.010000, 8, 1, 8, 48, 10000, 10.000000, 1, 16.8214, 25.1619, 278484, 72.556, 1.11412, 278625
0.010000, 8, 1, 16, 1, 10000, 10.000000, 1, 160.781, 20.1661, 278798, 71.9241, 0.652058, 279096
0.010000, 8, 1, 16, 1, 10000, 10.000000, 1, 160.755, 19.7088, 273143, 72.0829, 0.698319, 273441
0.010000, 8, 1, 16, 1, 10000, 10.000000, 1, 160.724, 19.6143, 272365, 71.5979, 0.636142, 272662
0.010000, 8, 1, 16, 2, 10000, 10.000000, 1, 82.6518, 18.2032, 168604, 71.7571, 0.660177, 168822
0.010000, 8, 1, 16, 2, 10000, 10.000000, 1, 82.7449, 17.8208, 168925, 72.0701, 0.678607, 169142
0.010000, 8, 1, 16, 2, 10000, 10.000000, 1, 82.6271, 17.2816, 168771, 67.4389, 0.627723, 168983
0.010000, 8, 1, 16, 4, 10000, 10.000000, 1, 44.1591, 14.6123, 137620, 72.0652, 0.655982, 137795
0.010000, 8, 1, 16, 4, 10000, 10.000000, 1, 44.3296, 14.2401, 137469, 71.6651, 0.767681, 137644
0.010000, 8, 1, 16, 4, 10000, 10.000000, 1, 44.4571, 14.1266, 137397, 71.9165, 0.636116, 137572
0.010000, 8, 1, 16, 8, 10000, 10.000000, 1, 25.2162, 16.4531, 121212, 72.0253, 0.675946, 121369
0.010000, 8, 1, 16, 8, 10000, 10.000000, 1, 25.3541, 15.6967, 120911, 67.1748, 0.639695, 121064
0.010000, 8, 1, 16, 8, 10000, 10.000000, 1, 24.3608, 15.9387, 120759, 71.3956, 0.741724, 120914
0.010000, 8, 1, 16, 16, 10000, 10.000000, 1, 16.7394, 16.064, 120897, 71.997, 0.700911, 121045
0.010000, 8, 1, 16, 16, 10000, 10.000000, 1, 16.4654, 16.8764, 123373, 67.3082, 0.658393, 123517
0.010000, 8, 1, 16, 16, 10000, 10.000000, 1, 15.6175, 16.6605, 120645, 71.2799, 0.698707, 120792
0.010000, 8, 1, 16, 32, 10000, 10.000000, 1, 14.0133, 19.3701, 120875, 67.3783, 0.67324, 121019
0.010000, 8, 1, 16, 32, 10000, 10.000000, 1, 13.4797, 19.3168, 121118, 71.7551, 0.718674, 121266
0.010000, 8, 1, 16, 32, 10000, 10.000000, 1, 13.3557, 18.847, 121145, 72.1468, 0.696525, 121293
0.010000, 8, 1, 16, 48, 10000, 10.000000, 1, 15.7691, 20.01, 121092, 71.6783, 0.699325, 121244
0.010000, 8, 1, 16, 48, 10000, 10.000000, 1, 16.2901, 19.8505, 121038, 72.1728, 0.684071, 121191
0.010000, 8, 1, 16, 48, 10000, 10.000000, 1, 16.4408, 20.5135, 121088, 72.5966, 0.696193, 121241
0.010000, 8, 1, 32, 1, 10000, 10.000000, 1, 96.6255, 10.736, 94212.5, 72.0182, 0.287224, 94432.6
0.010000, 8, 1, 32, 1, 10000, 10.000000, 1, 96.6622, 10.5792, 94749.2, 71.7747, 0.303266, 94969.1
0.010000, 8, 1, 32, 1, 10000, 10.000000, 1, 97.2162, 10.4662, 94057.1, 71.8075, 0.310197, 94277.4
0.010000, 8, 1, 32, 2, 10000, 10.000000, 1, 49.336, 9.69118, 60981.8, 72.2067, 0.31021, 61153.2
0.010000, 8, 1, 32, 2, 10000, 10.000000, 1, 49.3825, 9.31771, 61010, 72.1544, 0.306979, 61181.1
0.010000, 8, 1, 32, 2, 10000, 10.000000, 1, 49.5355, 9.19575, 59902.6, 67.35, 0.348542, 60069.4
0.010000, 8, 1, 32, 4, 10000, 10.000000, 1, 26.2314, 8.71141, 37090.5, 71.2894, 0.327204, 37236.5
0.010000, 8, 1, 32, 4, 10000, 10.000000, 1, 26.31, 8.04292, 36974.4, 71.826, 0.286264, 37119.9
0.010000, 8, 1, 32, 4, 10000, 10.000000, 1, 26.2243, 8.16846, 37036.2, 71.4896, 0.331395, 37182
0.010000, 8, 1, 32, 8, 10000, 10.000000, 1, 15.2348, 8.18146, 32255.7, 72.0777, 0.321377, 32390.5
0.010000, 8, 1, 32, 8, 10000, 10.000000, 1, 15.4154, 9.25784, 32911.7, 72.0443, 0.304959, 33048
0.010000, 8, 1, 32, 8, 10000, 10.000000, 1, 14.8318, 9.47079, 32862.5, 72.3495, 0.320683, 32999.3
0.010000, 8, 1, 32, 16, 10000, 10.000000, 1, 10.1558, 9.0802, 29917.8, 67.1072, 0.299604, 30043.8
0.010000, 8, 1, 32, 16, 10000, 10.000000, 1, 10.0054, 8.10739, 29884, 71.8952, 0.360973, 30013.7
0.010000, 8, 1, 32, 16, 10000, 10.000000, 1, 9.89693, 9.15302, 29846, 71.9833, 0.348592, 29976.4
0.010000, 8, 1, 32, 32, 10000, 10.000000, 1, 9.91509, 10.6712, 29514.2, 71.5657, 0.429774, 29646
0.010000, 8, 1, 32, 32, 10000, 10.000000, 1, 9.88673, 10.5503, 29498, 67.3602, 0.317098, 29625.3
0.010000, 8, 1, 32, 32, 10000, 10.000000, 1, 10.041, 11.0088, 29627.4, 71.894, 0.328951, 29760.3
0.010000, 8, 1, 32, 48, 10000, 10.000000, 1, 11.3419, 13.8549, 29898.4, 71.9705, 0.334658, 30034.6
0.010000, 8, 1, 32, 48, 10000, 10.000000, 1, 10.9561, 13.4656, 29766, 71.8933, 0.302317, 29901.9
0.010000, 8, 1, 32, 48, 10000, 10.000000, 1, 11.0111, 13.0298, 29846, 72.1128, 0.313182, 29981.7
0.010000, 8, 1, 64, 1, 10000, 10.000000, 1, 93.3189, 10.5283, 87275.5, 71.7169, 0.282318, 87493.4
0.010000, 8, 1, 64, 1, 10000, 10.000000, 1, 93.3595, 10.2598, 87287.8, 71.683, 0.285087, 87505.1
0.010000, 8, 1, 64, 1, 10000, 10.000000, 1, 93.2643, 9.97362, 87750, 71.9999, 0.426393, 87967.4
0.010000, 8, 1, 64, 2, 10000, 10.000000, 1, 47.6821, 8.2432, 54954.5, 71.8479, 0.288876, 55124
0.010000, 8, 1, 64, 2, 10000, 10.000000, 1, 47.7086, 8.29182, 54678.7, 72.4896, 0.310823, 54849.7
0.010000, 8, 1, 64, 2, 10000, 10.000000, 1, 47.5758, 8.71731, 55044.9, 71.3794, 0.2914, 55214.2
0.010000, 8, 1, 64, 4, 10000, 10.000000, 1, 25.3678, 9.65704, 31678.3, 72.1778, 0.334342, 31826.5
0.010000, 8, 1, 64, 4, 10000, 10.000000, 1, 25.933, 8.70561, 31449.5, 71.9955, 0.305841, 31596.8
0.010000, 8, 1, 64, 4, 10000, 10.000000, 1, 25.5032, 9.27552, 31591.9, 71.8007, 0.279137, 31739.2
0.010000, 8, 1, 64, 8, 10000, 10.000000, 1, 15.4004, 10.76, 30722, 72.322, 0.315755, 30861.6
0.010000, 8, 1, 64, 8, 10000, 10.000000, 1, 15.1486, 11.1054, 30233.3, 71.3873, 0.330406, 30372
0.010000, 8, 1, 64, 8, 10000, 10.000000, 1, 14.6845, 10.335, 30139.2, 71.813, 0.319161, 30276.8
0.010000, 8, 1, 64, 16, 10000, 10.000000, 1, 9.80555, 9.86957, 27176.8, 71.4969, 0.295731, 27308.6
0.010000, 8, 1, 64, 16, 10000, 10.000000, 1, 9.51126, 10.6164, 27169, 69.8423, 0.33807, 27299.1
0.010000, 8, 1, 64, 16, 10000, 10.000000, 1, 9.78557, 10.8181, 27174.4, 71.7631, 0.294249, 27307.1
0.010000, 8, 1, 64, 32, 10000, 10.000000, 1, 9.81529, 12.2492, 27243.7, 71.5114, 0.319253, 27378.1
0.010000, 8, 1, 64, 32, 10000, 10.000000, 1, 10.0749, 12.055, 27095.4, 71.921, 0.319568, 27230.1
0.010000, 8, 1, 64, 32, 10000, 10.000000, 1, 9.67736, 12.2407, 27701.7, 71.9026, 0.307286, 27836.4
0.010000, 8, 1, 64, 48, 10000, 10.000000, 1, 11.2581, 13.9798, 27108.6, 71.1807, 0.285564, 27245.7
0.010000, 8, 1, 64, 48, 10000, 10.000000, 1, 11.7474, 14.0502, 27068, 71.9258, 0.288926, 27206.4
0.010000, 8, 1, 64, 48, 10000, 10.000000, 1, 11.8114, 13.8282, 27069.9, 71.8962, 0.311431, 27207.9
0.010000, 8, 1, 128, 1, 10000, 10.000000, 1, 93.2565, 10.2848, 87139.8, 71.7196, 0.296247, 87359.3
0.010000, 8, 1, 128, 1, 10000, 10.000000, 1, 93.3994, 10.2547, 87862.1, 71.9237, 0.293961, 88082
0.010000, 8, 1, 128, 1, 10000, 10.000000, 1, 93.3929, 10.5254, 87218.8, 71.8737, 0.27766, 87438.6
0.010000, 8, 1, 128, 2, 10000, 10.000000, 1, 47.5889, 8.03036, 54938.6, 72.0437, 0.280596, 55109.2
0.010000, 8, 1, 128, 2, 10000, 10.000000, 1, 47.5421, 7.67292, 55038.1, 72.0197, 0.276381, 55208.6
0.010000, 8, 1, 128, 2, 10000, 10.000000, 1, 47.8247, 7.90635, 55006.5, 71.9381, 0.280987, 55177.1
0.010000, 8, 1, 128, 4, 10000, 10.000000, 1, 25.2509, 9.25557, 31741.6, 71.7277, 0.318957, 31891
0.010000, 8, 1, 128, 4, 10000, 10.000000, 1, 25.3082, 9.41689, 31547.1, 72.073, 0.291301, 31696.4
0.010000, 8, 1, 128, 4, 10000, 10.000000, 1, 25.393, 8.91318, 32259.9, 67.0954, 0.321459, 32404.2
0.010000, 8, 1, 128, 8, 10000, 10.000000, 1, 14.893, 10.1314, 30159.7, 67.386, 0.285428, 30294.5
0.010000, 8, 1, 128, 8, 10000, 10.000000, 1, 15.1837, 10.5643, 30087.9, 71.8632, 0.337246, 30227.7
0.010000, 8, 1, 128, 8, 10000, 10.000000, 1, 15.1569, 10.0789, 30096.9, 67.3578, 0.301546, 30232.1
0.010000, 8, 1, 128, 16, 10000, 10.000000, 1, 9.70865, 10.2163, 27214.7, 72.0734, 0.31792, 27349.2
0.010000, 8, 1, 128, 16, 10000, 10.000000, 1, 9.5853, 11.4311, 27273.9, 71.917, 0.323829, 27409.1
0.010000, 8, 1, 128, 16, 10000, 10.000000, 1, 10.0731, 9.83663, 27064.3, 72.0207, 0.301981, 27198.4
0.010000, 8, 1, 128, 32, 10000, 10.000000, 1, 9.18308, 12.3978, 27122.3, 71.6618, 0.299367, 27258.1
0.010000, 8, 1, 128, 32, 10000, 10.000000, 1, 9.35189, 11.9237, 27130.8, 72.7907, 0.289094, 27267.2
0.010000, 8, 1, 128, 32, 10000, 10.000000, 1, 9.67142, 12.0204, 27267.4, 72.4418, 0.376035, 27404.7
0.010000, 8, 1, 128, 48, 10000, 10.000000, 1, 11.1494, 13.5621, 27099.7, 71.4164, 0.363501, 27238
0.010000, 8, 1, 128, 48, 10000, 10.000000, 1, 11.5489, 13.7246, 27056.1, 71.825, 0.282342, 27195.5
0.010000, 8, 1, 128, 48, 10000, 10.000000, 1, 10.8539, 13.3623, 27057, 71.4631, 0.288171, 27195.6
0.010000, 8, 1, 128, 1, 10000, 10.000000, 1, 93.3724, 9.88554, 87587.9, 71.1451, 0.291177, 87806.4
0.010000, 8, 1, 128, 1, 10000, 10.000000, 1, 93.3026, 10.1213, 87153.7, 72.0291, 0.285497, 87373.2
0.010000, 8, 1, 128, 1, 10000, 10.000000, 0, 93.3083, 10.293, 18256.7, 72.2655, 0.296184, 18477.2
0.010000, 8, 1, 128, 1, 10000, 10.000000, 0, 93.2836, 10.2789, 18277.7, 67.4486, 0.3116, 18493
0.010000, 8, 1, 128, 1, 10000, 10.000000, 0, 93.3925, 10.2627, 18270.3, 72.0956, 0.29788, 18490.5
0.010000, 8, 1, 128, 2, 10000, 10.000000, 0, 47.4071, 7.60767, 10962.2, 72.0054, 0.32178, 11134
0.010000, 8, 1, 128, 2, 10000, 10.000000, 0, 47.5628, 8.01389, 11176.6, 71.9941, 0.307994, 11347.5
0.010000, 8, 1, 128, 2, 10000, 10.000000, 0, 47.3219, 8.59985, 10870.9, 71.7429, 0.345112, 11042.7
0.010000, 8, 1, 128, 4, 10000, 10.000000, 0, 24.5609, 8.59259, 6175.23, 71.5837, 0.314122, 6322.81
0.010000, 8, 1, 128, 4, 10000, 10.000000, 0, 25.8008, 8.23396, 6269.72, 72.0415, 0.28531, 6418.54
0.010000, 8, 1, 128, 4, 10000, 10.000000, 0, 24.4675, 8.80514, 6178.3, 71.8809, 0.292492, 6326.8
0.010000, 8, 1, 128, 8, 10000, 10.000000, 0, 15.6878, 9.86611, 5580.48, 71.3494, 0.326435, 5720.1
0.010000, 8, 1, 128, 8, 10000, 10.000000, 0, 14.8279, 10.7522, 5573.73, 71.5925, 0.306193, 5713.85
0.010000, 8, 1, 128, 8, 10000, 10.000000, 0, 14.852, 10.0224, 5567.64, 71.7296, 0.32329, 5706.87
0.010000, 8, 1, 128, 16, 10000, 10.000000, 0, 9.77645, 9.85057, 4744.53, 67.4406, 0.298207, 4873.93
0.010000, 8, 1, 128, 16, 10000, 10.000000, 0, 9.72862, 9.68017, 4758.78, 71.7767, 0.324804, 4892.8
0.010000, 8, 1, 128, 16, 10000, 10.000000, 0, 9.81367, 10.8003, 4767.82, 72.1101, 0.325441, 4903.46
0.010000, 8, 1, 128, 32, 10000, 10.000000, 0, 9.85846, 12.4448, 4710.23, 67.1777, 0.299516, 4842.52
0.010000, 8, 1, 128, 32, 10000, 10.000000, 0, 9.82387, 12.6329, 4718.84, 71.6153, 0.305597, 4855.67
0.010000, 8, 1, 128, 32, 10000, 10.000000, 0, 9.07418, 12.6578, 4700.93, 67.4299, 0.283807, 4832.3
0.010000, 8, 1, 128, 48, 10000, 10.000000, 0, 11.4066, 14.4492, 4736.22, 72.235, 0.308313, 4876.64
0.010000, 8, 1, 128, 48, 10000, 10.000000, 0, 11.5845, 14.9292, 4710.3, 71.7157, 0.297021, 4851.08
0.010000, 8, 1, 128, 48, 10000, 10.000000, 0, 10.8494, 14.6867, 4720.32, 72.2902, 0.308933, 4860.85
